<application>
  <component name="libraryTable">
    <library name="Python 3.9 (Courses-Masters) interpreter library">
      <CLASSES>
        <root url="file://C:/Program Files/WindowsApps/PythonSoftwareFoundation.Python.3.9_3.9.496.0_x64__qbz5n2kfra8p0/DLLs" />
        <root url="file://C:/Program Files/WindowsApps/PythonSoftwareFoundation.Python.3.9_3.9.496.0_x64__qbz5n2kfra8p0/Lib" />
        <root url="file://$USER_HOME$/AppData/Local/Microsoft/WindowsApps/PythonSoftwareFoundation.Python.3.9_qbz5n2kfra8p0" />
        <root url="file://$USER_HOME$/CLionProjects/Courses-Masters/venv" />
        <root url="file://$USER_HOME$/CLionProjects/Courses-Masters/venv/Lib/site-packages" />
        <root url="file://$USER_HOME$/AppData/Local/JetBrains/CLion2020.3/python_stubs/1285856835" />
        <root url="file://$APPLICATION_HOME_DIR$/plugins/python-ce/helpers/python-skeletons" />
        <root url="file://$APPLICATION_HOME_DIR$/plugins/python-ce/helpers/typeshed/stdlib/3.9" />
        <root url="file://$APPLICATION_HOME_DIR$/plugins/python-ce/helpers/typeshed/stdlib/3.7" />
        <root url="file://$APPLICATION_HOME_DIR$/plugins/python-ce/helpers/typeshed/stdlib/3" />
        <root url="file://$APPLICATION_HOME_DIR$/plugins/python-ce/helpers/typeshed/stdlib/2and3" />
        <root url="file://$APPLICATION_HOME_DIR$/plugins/python-ce/helpers/typeshed/third_party/3" />
        <root url="file://$APPLICATION_HOME_DIR$/plugins/python-ce/helpers/typeshed/third_party/2and3" />
      </CLASSES>
      <SOURCES>
        <root url="file://C:/Program Files/WindowsApps/PythonSoftwareFoundation.Python.3.9_3.9.496.0_x64__qbz5n2kfra8p0/DLLs" />
        <root url="file://C:/Program Files/WindowsApps/PythonSoftwareFoundation.Python.3.9_3.9.496.0_x64__qbz5n2kfra8p0/Lib" />
        <root url="file://$USER_HOME$/AppData/Local/Microsoft/WindowsApps/PythonSoftwareFoundation.Python.3.9_qbz5n2kfra8p0" />
        <root url="file://$USER_HOME$/CLionProjects/Courses-Masters/venv" />
        <root url="file://$USER_HOME$/CLionProjects/Courses-Masters/venv/Lib/site-packages" />
        <root url="file://$USER_HOME$/AppData/Local/JetBrains/CLion2020.3/python_stubs/1285856835" />
        <root url="file://$APPLICATION_HOME_DIR$/plugins/python-ce/helpers/python-skeletons" />
        <root url="file://$APPLICATION_HOME_DIR$/plugins/python-ce/helpers/typeshed/stdlib/3.9" />
        <root url="file://$APPLICATION_HOME_DIR$/plugins/python-ce/helpers/typeshed/stdlib/3.7" />
        <root url="file://$APPLICATION_HOME_DIR$/plugins/python-ce/helpers/typeshed/stdlib/3" />
        <root url="file://$APPLICATION_HOME_DIR$/plugins/python-ce/helpers/typeshed/stdlib/2and3" />
        <root url="file://$APPLICATION_HOME_DIR$/plugins/python-ce/helpers/typeshed/third_party/3" />
        <root url="file://$APPLICATION_HOME_DIR$/plugins/python-ce/helpers/typeshed/third_party/2and3" />
      </SOURCES>
    </library>
    <library name="Python 3.9 (Courses-Masters) interpreter library">
      <CLASSES>
        <root url="file://C:/Program Files/WindowsApps/PythonSoftwareFoundation.Python.3.9_3.9.496.0_x64__qbz5n2kfra8p0/DLLs" />
        <root url="file://C:/Program Files/WindowsApps/PythonSoftwareFoundation.Python.3.9_3.9.496.0_x64__qbz5n2kfra8p0/Lib" />
        <root url="file://$USER_HOME$/AppData/Local/Microsoft/WindowsApps/PythonSoftwareFoundation.Python.3.9_qbz5n2kfra8p0" />
        <root url="file://$USER_HOME$/CLionProjects/Courses-Masters/venv" />
        <root url="file://$USER_HOME$/CLionProjects/Courses-Masters/venv/Lib/site-packages" />
        <root url="file://$USER_HOME$/AppData/Local/JetBrains/CLion2020.3/python_stubs/1285856835" />
        <root url="file://$APPLICATION_HOME_DIR$/plugins/python-ce/helpers/python-skeletons" />
        <root url="file://$APPLICATION_HOME_DIR$/plugins/python-ce/helpers/typeshed/stdlib/3.9" />
        <root url="file://$APPLICATION_HOME_DIR$/plugins/python-ce/helpers/typeshed/stdlib/3.7" />
        <root url="file://$APPLICATION_HOME_DIR$/plugins/python-ce/helpers/typeshed/stdlib/3" />
        <root url="file://$APPLICATION_HOME_DIR$/plugins/python-ce/helpers/typeshed/stdlib/2and3" />
        <root url="file://$APPLICATION_HOME_DIR$/plugins/python-ce/helpers/typeshed/third_party/3" />
        <root url="file://$APPLICATION_HOME_DIR$/plugins/python-ce/helpers/typeshed/third_party/2and3" />
      </CLASSES>
      <SOURCES>
        <root url="file://C:/Program Files/WindowsApps/PythonSoftwareFoundation.Python.3.9_3.9.496.0_x64__qbz5n2kfra8p0/DLLs" />
        <root url="file://C:/Program Files/WindowsApps/PythonSoftwareFoundation.Python.3.9_3.9.496.0_x64__qbz5n2kfra8p0/Lib" />
        <root url="file://$USER_HOME$/AppData/Local/Microsoft/WindowsApps/PythonSoftwareFoundation.Python.3.9_qbz5n2kfra8p0" />
        <root url="file://$USER_HOME$/CLionProjects/Courses-Masters/venv" />
        <root url="file://$USER_HOME$/CLionProjects/Courses-Masters/venv/Lib/site-packages" />
        <root url="file://$USER_HOME$/AppData/Local/JetBrains/CLion2020.3/python_stubs/1285856835" />
        <root url="file://$APPLICATION_HOME_DIR$/plugins/python-ce/helpers/python-skeletons" />
        <root url="file://$APPLICATION_HOME_DIR$/plugins/python-ce/helpers/typeshed/stdlib/3.9" />
        <root url="file://$APPLICATION_HOME_DIR$/plugins/python-ce/helpers/typeshed/stdlib/3.7" />
        <root url="file://$APPLICATION_HOME_DIR$/plugins/python-ce/helpers/typeshed/stdlib/3" />
        <root url="file://$APPLICATION_HOME_DIR$/plugins/python-ce/helpers/typeshed/stdlib/2and3" />
        <root url="file://$APPLICATION_HOME_DIR$/plugins/python-ce/helpers/typeshed/third_party/3" />
        <root url="file://$APPLICATION_HOME_DIR$/plugins/python-ce/helpers/typeshed/third_party/2and3" />
      </SOURCES>
    </library>
    <library name="Python 3.9 (Courses-Masters) interpreter library">
      <CLASSES>
        <root url="file://C:/Program Files/WindowsApps/PythonSoftwareFoundation.Python.3.9_3.9.496.0_x64__qbz5n2kfra8p0/DLLs" />
        <root url="file://C:/Program Files/WindowsApps/PythonSoftwareFoundation.Python.3.9_3.9.496.0_x64__qbz5n2kfra8p0/Lib" />
        <root url="file://$USER_HOME$/AppData/Local/Microsoft/WindowsApps/PythonSoftwareFoundation.Python.3.9_qbz5n2kfra8p0" />
        <root url="file://$USER_HOME$/CLionProjects/Courses-Masters/venv" />
        <root url="file://$USER_HOME$/CLionProjects/Courses-Masters/venv/Lib/site-packages" />
        <root url="file://$USER_HOME$/AppData/Local/JetBrains/CLion2020.3/python_stubs/1285856835" />
        <root url="file://$APPLICATION_HOME_DIR$/plugins/python-ce/helpers/python-skeletons" />
        <root url="file://$APPLICATION_HOME_DIR$/plugins/python-ce/helpers/typeshed/stdlib/3.9" />
        <root url="file://$APPLICATION_HOME_DIR$/plugins/python-ce/helpers/typeshed/stdlib/3.7" />
        <root url="file://$APPLICATION_HOME_DIR$/plugins/python-ce/helpers/typeshed/stdlib/3" />
        <root url="file://$APPLICATION_HOME_DIR$/plugins/python-ce/helpers/typeshed/stdlib/2and3" />
        <root url="file://$APPLICATION_HOME_DIR$/plugins/python-ce/helpers/typeshed/third_party/3" />
        <root url="file://$APPLICATION_HOME_DIR$/plugins/python-ce/helpers/typeshed/third_party/2and3" />
      </CLASSES>
      <SOURCES>
        <root url="file://C:/Program Files/WindowsApps/PythonSoftwareFoundation.Python.3.9_3.9.496.0_x64__qbz5n2kfra8p0/DLLs" />
        <root url="file://C:/Program Files/WindowsApps/PythonSoftwareFoundation.Python.3.9_3.9.496.0_x64__qbz5n2kfra8p0/Lib" />
        <root url="file://$USER_HOME$/AppData/Local/Microsoft/WindowsApps/PythonSoftwareFoundation.Python.3.9_qbz5n2kfra8p0" />
        <root url="file://$USER_HOME$/CLionProjects/Courses-Masters/venv" />
        <root url="file://$USER_HOME$/CLionProjects/Courses-Masters/venv/Lib/site-packages" />
        <root url="file://$USER_HOME$/AppData/Local/JetBrains/CLion2020.3/python_stubs/1285856835" />
        <root url="file://$APPLICATION_HOME_DIR$/plugins/python-ce/helpers/python-skeletons" />
        <root url="file://$APPLICATION_HOME_DIR$/plugins/python-ce/helpers/typeshed/stdlib/3.9" />
        <root url="file://$APPLICATION_HOME_DIR$/plugins/python-ce/helpers/typeshed/stdlib/3.7" />
        <root url="file://$APPLICATION_HOME_DIR$/plugins/python-ce/helpers/typeshed/stdlib/3" />
        <root url="file://$APPLICATION_HOME_DIR$/plugins/python-ce/helpers/typeshed/stdlib/2and3" />
        <root url="file://$APPLICATION_HOME_DIR$/plugins/python-ce/helpers/typeshed/third_party/3" />
        <root url="file://$APPLICATION_HOME_DIR$/plugins/python-ce/helpers/typeshed/third_party/2and3" />
      </SOURCES>
    </library>
    <library name="Python 3.9 (Courses-Masters) interpreter library">
      <CLASSES>
        <root url="file://C:/Program Files/WindowsApps/PythonSoftwareFoundation.Python.3.9_3.9.496.0_x64__qbz5n2kfra8p0/DLLs" />
        <root url="file://C:/Program Files/WindowsApps/PythonSoftwareFoundation.Python.3.9_3.9.496.0_x64__qbz5n2kfra8p0/Lib" />
        <root url="file://$USER_HOME$/AppData/Local/Microsoft/WindowsApps/PythonSoftwareFoundation.Python.3.9_qbz5n2kfra8p0" />
        <root url="file://$USER_HOME$/CLionProjects/Courses-Masters/venv" />
        <root url="file://$USER_HOME$/CLionProjects/Courses-Masters/venv/Lib/site-packages" />
        <root url="file://$USER_HOME$/AppData/Local/JetBrains/CLion2020.3/python_stubs/1285856835" />
        <root url="file://$APPLICATION_HOME_DIR$/plugins/python-ce/helpers/python-skeletons" />
        <root url="file://$APPLICATION_HOME_DIR$/plugins/python-ce/helpers/typeshed/stdlib/3.9" />
        <root url="file://$APPLICATION_HOME_DIR$/plugins/python-ce/helpers/typeshed/stdlib/3.7" />
        <root url="file://$APPLICATION_HOME_DIR$/plugins/python-ce/helpers/typeshed/stdlib/3" />
        <root url="file://$APPLICATION_HOME_DIR$/plugins/python-ce/helpers/typeshed/stdlib/2and3" />
        <root url="file://$APPLICATION_HOME_DIR$/plugins/python-ce/helpers/typeshed/third_party/3" />
        <root url="file://$APPLICATION_HOME_DIR$/plugins/python-ce/helpers/typeshed/third_party/2and3" />
      </CLASSES>
      <SOURCES>
        <root url="file://C:/Program Files/WindowsApps/PythonSoftwareFoundation.Python.3.9_3.9.496.0_x64__qbz5n2kfra8p0/DLLs" />
        <root url="file://C:/Program Files/WindowsApps/PythonSoftwareFoundation.Python.3.9_3.9.496.0_x64__qbz5n2kfra8p0/Lib" />
        <root url="file://$USER_HOME$/AppData/Local/Microsoft/WindowsApps/PythonSoftwareFoundation.Python.3.9_qbz5n2kfra8p0" />
        <root url="file://$USER_HOME$/CLionProjects/Courses-Masters/venv" />
        <root url="file://$USER_HOME$/CLionProjects/Courses-Masters/venv/Lib/site-packages" />
        <root url="file://$USER_HOME$/AppData/Local/JetBrains/CLion2020.3/python_stubs/1285856835" />
        <root url="file://$APPLICATION_HOME_DIR$/plugins/python-ce/helpers/python-skeletons" />
        <root url="file://$APPLICATION_HOME_DIR$/plugins/python-ce/helpers/typeshed/stdlib/3.9" />
        <root url="file://$APPLICATION_HOME_DIR$/plugins/python-ce/helpers/typeshed/stdlib/3.7" />
        <root url="file://$APPLICATION_HOME_DIR$/plugins/python-ce/helpers/typeshed/stdlib/3" />
        <root url="file://$APPLICATION_HOME_DIR$/plugins/python-ce/helpers/typeshed/stdlib/2and3" />
        <root url="file://$APPLICATION_HOME_DIR$/plugins/python-ce/helpers/typeshed/third_party/3" />
        <root url="file://$APPLICATION_HOME_DIR$/plugins/python-ce/helpers/typeshed/third_party/2and3" />
      </SOURCES>
    </library>
    <library name="Python 3.9 (Courses-Masters) interpreter library">
      <CLASSES>
        <root url="file://C:/Program Files/WindowsApps/PythonSoftwareFoundation.Python.3.9_3.9.496.0_x64__qbz5n2kfra8p0/DLLs" />
        <root url="file://C:/Program Files/WindowsApps/PythonSoftwareFoundation.Python.3.9_3.9.496.0_x64__qbz5n2kfra8p0/Lib" />
        <root url="file://$USER_HOME$/AppData/Local/Microsoft/WindowsApps/PythonSoftwareFoundation.Python.3.9_qbz5n2kfra8p0" />
        <root url="file://$USER_HOME$/CLionProjects/Courses-Masters/venv" />
        <root url="file://$USER_HOME$/CLionProjects/Courses-Masters/venv/Lib/site-packages" />
        <root url="file://$USER_HOME$/AppData/Local/JetBrains/CLion2020.3/python_stubs/1285856835" />
        <root url="file://$APPLICATION_HOME_DIR$/plugins/python-ce/helpers/python-skeletons" />
        <root url="file://$APPLICATION_HOME_DIR$/plugins/python-ce/helpers/typeshed/stdlib/3.9" />
        <root url="file://$APPLICATION_HOME_DIR$/plugins/python-ce/helpers/typeshed/stdlib/3.7" />
        <root url="file://$APPLICATION_HOME_DIR$/plugins/python-ce/helpers/typeshed/stdlib/3" />
        <root url="file://$APPLICATION_HOME_DIR$/plugins/python-ce/helpers/typeshed/stdlib/2and3" />
        <root url="file://$APPLICATION_HOME_DIR$/plugins/python-ce/helpers/typeshed/third_party/3" />
        <root url="file://$APPLICATION_HOME_DIR$/plugins/python-ce/helpers/typeshed/third_party/2and3" />
      </CLASSES>
      <SOURCES>
        <root url="file://C:/Program Files/WindowsApps/PythonSoftwareFoundation.Python.3.9_3.9.496.0_x64__qbz5n2kfra8p0/DLLs" />
        <root url="file://C:/Program Files/WindowsApps/PythonSoftwareFoundation.Python.3.9_3.9.496.0_x64__qbz5n2kfra8p0/Lib" />
        <root url="file://$USER_HOME$/AppData/Local/Microsoft/WindowsApps/PythonSoftwareFoundation.Python.3.9_qbz5n2kfra8p0" />
        <root url="file://$USER_HOME$/CLionProjects/Courses-Masters/venv" />
        <root url="file://$USER_HOME$/CLionProjects/Courses-Masters/venv/Lib/site-packages" />
        <root url="file://$USER_HOME$/AppData/Local/JetBrains/CLion2020.3/python_stubs/1285856835" />
        <root url="file://$APPLICATION_HOME_DIR$/plugins/python-ce/helpers/python-skeletons" />
        <root url="file://$APPLICATION_HOME_DIR$/plugins/python-ce/helpers/typeshed/stdlib/3.9" />
        <root url="file://$APPLICATION_HOME_DIR$/plugins/python-ce/helpers/typeshed/stdlib/3.7" />
        <root url="file://$APPLICATION_HOME_DIR$/plugins/python-ce/helpers/typeshed/stdlib/3" />
        <root url="file://$APPLICATION_HOME_DIR$/plugins/python-ce/helpers/typeshed/stdlib/2and3" />
        <root url="file://$APPLICATION_HOME_DIR$/plugins/python-ce/helpers/typeshed/third_party/3" />
        <root url="file://$APPLICATION_HOME_DIR$/plugins/python-ce/helpers/typeshed/third_party/2and3" />
      </SOURCES>
    </library>
    <library name="Python 3.9 (Courses-Masters) interpreter library">
      <CLASSES>
        <root url="file://C:/Program Files/WindowsApps/PythonSoftwareFoundation.Python.3.9_3.9.496.0_x64__qbz5n2kfra8p0/DLLs" />
        <root url="file://C:/Program Files/WindowsApps/PythonSoftwareFoundation.Python.3.9_3.9.496.0_x64__qbz5n2kfra8p0/Lib" />
        <root url="file://$USER_HOME$/AppData/Local/Microsoft/WindowsApps/PythonSoftwareFoundation.Python.3.9_qbz5n2kfra8p0" />
        <root url="file://$USER_HOME$/CLionProjects/Courses-Masters/venv" />
        <root url="file://$USER_HOME$/CLionProjects/Courses-Masters/venv/Lib/site-packages" />
        <root url="file://$USER_HOME$/AppData/Local/JetBrains/CLion2020.3/python_stubs/1285856835" />
        <root url="file://$APPLICATION_HOME_DIR$/plugins/python-ce/helpers/python-skeletons" />
        <root url="file://$APPLICATION_HOME_DIR$/plugins/python-ce/helpers/typeshed/stdlib/3.9" />
        <root url="file://$APPLICATION_HOME_DIR$/plugins/python-ce/helpers/typeshed/stdlib/3.7" />
        <root url="file://$APPLICATION_HOME_DIR$/plugins/python-ce/helpers/typeshed/stdlib/3" />
        <root url="file://$APPLICATION_HOME_DIR$/plugins/python-ce/helpers/typeshed/stdlib/2and3" />
        <root url="file://$APPLICATION_HOME_DIR$/plugins/python-ce/helpers/typeshed/third_party/3" />
        <root url="file://$APPLICATION_HOME_DIR$/plugins/python-ce/helpers/typeshed/third_party/2and3" />
      </CLASSES>
      <SOURCES>
        <root url="file://C:/Program Files/WindowsApps/PythonSoftwareFoundation.Python.3.9_3.9.496.0_x64__qbz5n2kfra8p0/DLLs" />
        <root url="file://C:/Program Files/WindowsApps/PythonSoftwareFoundation.Python.3.9_3.9.496.0_x64__qbz5n2kfra8p0/Lib" />
        <root url="file://$USER_HOME$/AppData/Local/Microsoft/WindowsApps/PythonSoftwareFoundation.Python.3.9_qbz5n2kfra8p0" />
        <root url="file://$USER_HOME$/CLionProjects/Courses-Masters/venv" />
        <root url="file://$USER_HOME$/CLionProjects/Courses-Masters/venv/Lib/site-packages" />
        <root url="file://$USER_HOME$/AppData/Local/JetBrains/CLion2020.3/python_stubs/1285856835" />
        <root url="file://$APPLICATION_HOME_DIR$/plugins/python-ce/helpers/python-skeletons" />
        <root url="file://$APPLICATION_HOME_DIR$/plugins/python-ce/helpers/typeshed/stdlib/3.9" />
        <root url="file://$APPLICATION_HOME_DIR$/plugins/python-ce/helpers/typeshed/stdlib/3.7" />
        <root url="file://$APPLICATION_HOME_DIR$/plugins/python-ce/helpers/typeshed/stdlib/3" />
        <root url="file://$APPLICATION_HOME_DIR$/plugins/python-ce/helpers/typeshed/stdlib/2and3" />
        <root url="file://$APPLICATION_HOME_DIR$/plugins/python-ce/helpers/typeshed/third_party/3" />
        <root url="file://$APPLICATION_HOME_DIR$/plugins/python-ce/helpers/typeshed/third_party/2and3" />
      </SOURCES>
    </library>
    <library name="Python 3.9 (Courses-Masters) interpreter library">
      <CLASSES>
        <root url="file://C:/Program Files/WindowsApps/PythonSoftwareFoundation.Python.3.9_3.9.496.0_x64__qbz5n2kfra8p0/DLLs" />
        <root url="file://C:/Program Files/WindowsApps/PythonSoftwareFoundation.Python.3.9_3.9.496.0_x64__qbz5n2kfra8p0/Lib" />
        <root url="file://$USER_HOME$/AppData/Local/Microsoft/WindowsApps/PythonSoftwareFoundation.Python.3.9_qbz5n2kfra8p0" />
        <root url="file://$USER_HOME$/CLionProjects/Courses-Masters/venv" />
        <root url="file://$USER_HOME$/CLionProjects/Courses-Masters/venv/Lib/site-packages" />
        <root url="file://$USER_HOME$/AppData/Local/JetBrains/CLion2020.3/python_stubs/1285856835" />
        <root url="file://$APPLICATION_HOME_DIR$/plugins/python-ce/helpers/python-skeletons" />
        <root url="file://$APPLICATION_HOME_DIR$/plugins/python-ce/helpers/typeshed/stdlib/3.9" />
        <root url="file://$APPLICATION_HOME_DIR$/plugins/python-ce/helpers/typeshed/stdlib/3.7" />
        <root url="file://$APPLICATION_HOME_DIR$/plugins/python-ce/helpers/typeshed/stdlib/3" />
        <root url="file://$APPLICATION_HOME_DIR$/plugins/python-ce/helpers/typeshed/stdlib/2and3" />
        <root url="file://$APPLICATION_HOME_DIR$/plugins/python-ce/helpers/typeshed/third_party/3" />
        <root url="file://$APPLICATION_HOME_DIR$/plugins/python-ce/helpers/typeshed/third_party/2and3" />
      </CLASSES>
      <SOURCES>
        <root url="file://C:/Program Files/WindowsApps/PythonSoftwareFoundation.Python.3.9_3.9.496.0_x64__qbz5n2kfra8p0/DLLs" />
        <root url="file://C:/Program Files/WindowsApps/PythonSoftwareFoundation.Python.3.9_3.9.496.0_x64__qbz5n2kfra8p0/Lib" />
        <root url="file://$USER_HOME$/AppData/Local/Microsoft/WindowsApps/PythonSoftwareFoundation.Python.3.9_qbz5n2kfra8p0" />
        <root url="file://$USER_HOME$/CLionProjects/Courses-Masters/venv" />
        <root url="file://$USER_HOME$/CLionProjects/Courses-Masters/venv/Lib/site-packages" />
        <root url="file://$USER_HOME$/AppData/Local/JetBrains/CLion2020.3/python_stubs/1285856835" />
        <root url="file://$APPLICATION_HOME_DIR$/plugins/python-ce/helpers/python-skeletons" />
        <root url="file://$APPLICATION_HOME_DIR$/plugins/python-ce/helpers/typeshed/stdlib/3.9" />
        <root url="file://$APPLICATION_HOME_DIR$/plugins/python-ce/helpers/typeshed/stdlib/3.7" />
        <root url="file://$APPLICATION_HOME_DIR$/plugins/python-ce/helpers/typeshed/stdlib/3" />
        <root url="file://$APPLICATION_HOME_DIR$/plugins/python-ce/helpers/typeshed/stdlib/2and3" />
        <root url="file://$APPLICATION_HOME_DIR$/plugins/python-ce/helpers/typeshed/third_party/3" />
        <root url="file://$APPLICATION_HOME_DIR$/plugins/python-ce/helpers/typeshed/third_party/2and3" />
      </SOURCES>
    </library>
    <library name="Python 3.9 (gem5) interpreter library">
      <CLASSES>
        <root url="file://C:/Program Files/WindowsApps/PythonSoftwareFoundation.Python.3.9_3.9.496.0_x64__qbz5n2kfra8p0/DLLs" />
        <root url="file://C:/Program Files/WindowsApps/PythonSoftwareFoundation.Python.3.9_3.9.496.0_x64__qbz5n2kfra8p0/Lib" />
        <root url="file://$USER_HOME$/AppData/Local/Microsoft/WindowsApps/PythonSoftwareFoundation.Python.3.9_qbz5n2kfra8p0" />
        <root url="file://$USER_HOME$/CLion/gem5/venv" />
        <root url="file://$USER_HOME$/CLion/gem5/venv/Lib/site-packages" />
        <root url="file://$USER_HOME$/AppData/Local/JetBrains/CLion2020.3/python_stubs/-1549412391" />
        <root url="file://$APPLICATION_HOME_DIR$/plugins/python-ce/helpers/python-skeletons" />
        <root url="file://$APPLICATION_HOME_DIR$/plugins/python-ce/helpers/typeshed/stdlib/3.9" />
        <root url="file://$APPLICATION_HOME_DIR$/plugins/python-ce/helpers/typeshed/stdlib/3.7" />
        <root url="file://$APPLICATION_HOME_DIR$/plugins/python-ce/helpers/typeshed/stdlib/3" />
        <root url="file://$APPLICATION_HOME_DIR$/plugins/python-ce/helpers/typeshed/stdlib/2and3" />
        <root url="file://$APPLICATION_HOME_DIR$/plugins/python-ce/helpers/typeshed/third_party/3" />
        <root url="file://$APPLICATION_HOME_DIR$/plugins/python-ce/helpers/typeshed/third_party/2and3" />
      </CLASSES>
      <SOURCES>
        <root url="file://C:/Program Files/WindowsApps/PythonSoftwareFoundation.Python.3.9_3.9.496.0_x64__qbz5n2kfra8p0/DLLs" />
        <root url="file://C:/Program Files/WindowsApps/PythonSoftwareFoundation.Python.3.9_3.9.496.0_x64__qbz5n2kfra8p0/Lib" />
        <root url="file://$USER_HOME$/AppData/Local/Microsoft/WindowsApps/PythonSoftwareFoundation.Python.3.9_qbz5n2kfra8p0" />
        <root url="file://$USER_HOME$/CLion/gem5/venv" />
        <root url="file://$USER_HOME$/CLion/gem5/venv/Lib/site-packages" />
        <root url="file://$USER_HOME$/AppData/Local/JetBrains/CLion2020.3/python_stubs/-1549412391" />
        <root url="file://$APPLICATION_HOME_DIR$/plugins/python-ce/helpers/python-skeletons" />
        <root url="file://$APPLICATION_HOME_DIR$/plugins/python-ce/helpers/typeshed/stdlib/3.9" />
        <root url="file://$APPLICATION_HOME_DIR$/plugins/python-ce/helpers/typeshed/stdlib/3.7" />
        <root url="file://$APPLICATION_HOME_DIR$/plugins/python-ce/helpers/typeshed/stdlib/3" />
        <root url="file://$APPLICATION_HOME_DIR$/plugins/python-ce/helpers/typeshed/stdlib/2and3" />
        <root url="file://$APPLICATION_HOME_DIR$/plugins/python-ce/helpers/typeshed/third_party/3" />
        <root url="file://$APPLICATION_HOME_DIR$/plugins/python-ce/helpers/typeshed/third_party/2and3" />
      </SOURCES>
    </library>
    <library name="Python 3.9 (gem5) interpreter library">
      <CLASSES>
        <root url="file://C:/Program Files/WindowsApps/PythonSoftwareFoundation.Python.3.9_3.9.496.0_x64__qbz5n2kfra8p0/DLLs" />
        <root url="file://C:/Program Files/WindowsApps/PythonSoftwareFoundation.Python.3.9_3.9.496.0_x64__qbz5n2kfra8p0/Lib" />
        <root url="file://$USER_HOME$/AppData/Local/Microsoft/WindowsApps/PythonSoftwareFoundation.Python.3.9_qbz5n2kfra8p0" />
        <root url="file://$USER_HOME$/CLion/gem5/venv" />
        <root url="file://$USER_HOME$/CLion/gem5/venv/Lib/site-packages" />
        <root url="file://$USER_HOME$/AppData/Local/JetBrains/CLion2020.3/python_stubs/-1549412391" />
        <root url="file://$APPLICATION_HOME_DIR$/plugins/python-ce/helpers/python-skeletons" />
        <root url="file://$APPLICATION_HOME_DIR$/plugins/python-ce/helpers/typeshed/stdlib/3.9" />
        <root url="file://$APPLICATION_HOME_DIR$/plugins/python-ce/helpers/typeshed/stdlib/3.7" />
        <root url="file://$APPLICATION_HOME_DIR$/plugins/python-ce/helpers/typeshed/stdlib/3" />
        <root url="file://$APPLICATION_HOME_DIR$/plugins/python-ce/helpers/typeshed/stdlib/2and3" />
        <root url="file://$APPLICATION_HOME_DIR$/plugins/python-ce/helpers/typeshed/third_party/3" />
        <root url="file://$APPLICATION_HOME_DIR$/plugins/python-ce/helpers/typeshed/third_party/2and3" />
      </CLASSES>
      <SOURCES>
        <root url="file://C:/Program Files/WindowsApps/PythonSoftwareFoundation.Python.3.9_3.9.496.0_x64__qbz5n2kfra8p0/DLLs" />
        <root url="file://C:/Program Files/WindowsApps/PythonSoftwareFoundation.Python.3.9_3.9.496.0_x64__qbz5n2kfra8p0/Lib" />
        <root url="file://$USER_HOME$/AppData/Local/Microsoft/WindowsApps/PythonSoftwareFoundation.Python.3.9_qbz5n2kfra8p0" />
        <root url="file://$USER_HOME$/CLion/gem5/venv" />
        <root url="file://$USER_HOME$/CLion/gem5/venv/Lib/site-packages" />
        <root url="file://$USER_HOME$/AppData/Local/JetBrains/CLion2020.3/python_stubs/-1549412391" />
        <root url="file://$APPLICATION_HOME_DIR$/plugins/python-ce/helpers/python-skeletons" />
        <root url="file://$APPLICATION_HOME_DIR$/plugins/python-ce/helpers/typeshed/stdlib/3.9" />
        <root url="file://$APPLICATION_HOME_DIR$/plugins/python-ce/helpers/typeshed/stdlib/3.7" />
        <root url="file://$APPLICATION_HOME_DIR$/plugins/python-ce/helpers/typeshed/stdlib/3" />
        <root url="file://$APPLICATION_HOME_DIR$/plugins/python-ce/helpers/typeshed/stdlib/2and3" />
        <root url="file://$APPLICATION_HOME_DIR$/plugins/python-ce/helpers/typeshed/third_party/3" />
        <root url="file://$APPLICATION_HOME_DIR$/plugins/python-ce/helpers/typeshed/third_party/2and3" />
      </SOURCES>
    </library>
    <library name="Python 3.9 (gem5) interpreter library">
      <CLASSES>
        <root url="file://C:/Program Files/WindowsApps/PythonSoftwareFoundation.Python.3.9_3.9.496.0_x64__qbz5n2kfra8p0/DLLs" />
        <root url="file://C:/Program Files/WindowsApps/PythonSoftwareFoundation.Python.3.9_3.9.496.0_x64__qbz5n2kfra8p0/Lib" />
        <root url="file://$USER_HOME$/AppData/Local/Microsoft/WindowsApps/PythonSoftwareFoundation.Python.3.9_qbz5n2kfra8p0" />
        <root url="file://$USER_HOME$/CLion/gem5/venv" />
        <root url="file://$USER_HOME$/CLion/gem5/venv/Lib/site-packages" />
        <root url="file://$USER_HOME$/AppData/Local/JetBrains/CLion2020.3/python_stubs/-1549412391" />
        <root url="file://$APPLICATION_HOME_DIR$/plugins/python-ce/helpers/python-skeletons" />
        <root url="file://$APPLICATION_HOME_DIR$/plugins/python-ce/helpers/typeshed/stdlib/3.9" />
        <root url="file://$APPLICATION_HOME_DIR$/plugins/python-ce/helpers/typeshed/stdlib/3.7" />
        <root url="file://$APPLICATION_HOME_DIR$/plugins/python-ce/helpers/typeshed/stdlib/3" />
        <root url="file://$APPLICATION_HOME_DIR$/plugins/python-ce/helpers/typeshed/stdlib/2and3" />
        <root url="file://$APPLICATION_HOME_DIR$/plugins/python-ce/helpers/typeshed/third_party/3" />
        <root url="file://$APPLICATION_HOME_DIR$/plugins/python-ce/helpers/typeshed/third_party/2and3" />
      </CLASSES>
      <SOURCES>
        <root url="file://C:/Program Files/WindowsApps/PythonSoftwareFoundation.Python.3.9_3.9.496.0_x64__qbz5n2kfra8p0/DLLs" />
        <root url="file://C:/Program Files/WindowsApps/PythonSoftwareFoundation.Python.3.9_3.9.496.0_x64__qbz5n2kfra8p0/Lib" />
        <root url="file://$USER_HOME$/AppData/Local/Microsoft/WindowsApps/PythonSoftwareFoundation.Python.3.9_qbz5n2kfra8p0" />
        <root url="file://$USER_HOME$/CLion/gem5/venv" />
        <root url="file://$USER_HOME$/CLion/gem5/venv/Lib/site-packages" />
        <root url="file://$USER_HOME$/AppData/Local/JetBrains/CLion2020.3/python_stubs/-1549412391" />
        <root url="file://$APPLICATION_HOME_DIR$/plugins/python-ce/helpers/python-skeletons" />
        <root url="file://$APPLICATION_HOME_DIR$/plugins/python-ce/helpers/typeshed/stdlib/3.9" />
        <root url="file://$APPLICATION_HOME_DIR$/plugins/python-ce/helpers/typeshed/stdlib/3.7" />
        <root url="file://$APPLICATION_HOME_DIR$/plugins/python-ce/helpers/typeshed/stdlib/3" />
        <root url="file://$APPLICATION_HOME_DIR$/plugins/python-ce/helpers/typeshed/stdlib/2and3" />
        <root url="file://$APPLICATION_HOME_DIR$/plugins/python-ce/helpers/typeshed/third_party/3" />
        <root url="file://$APPLICATION_HOME_DIR$/plugins/python-ce/helpers/typeshed/third_party/2and3" />
      </SOURCES>
    </library>
    <library name="Python 3.9 (gem5) interpreter library">
      <CLASSES>
        <root url="file://C:/Program Files/WindowsApps/PythonSoftwareFoundation.Python.3.9_3.9.496.0_x64__qbz5n2kfra8p0/DLLs" />
        <root url="file://C:/Program Files/WindowsApps/PythonSoftwareFoundation.Python.3.9_3.9.496.0_x64__qbz5n2kfra8p0/Lib" />
        <root url="file://$USER_HOME$/AppData/Local/Microsoft/WindowsApps/PythonSoftwareFoundation.Python.3.9_qbz5n2kfra8p0" />
        <root url="file://$USER_HOME$/CLion/gem5/venv" />
        <root url="file://$USER_HOME$/CLion/gem5/venv/Lib/site-packages" />
        <root url="file://$USER_HOME$/AppData/Local/JetBrains/CLion2020.3/python_stubs/-1549412391" />
        <root url="file://$APPLICATION_HOME_DIR$/plugins/python-ce/helpers/python-skeletons" />
        <root url="file://$APPLICATION_HOME_DIR$/plugins/python-ce/helpers/typeshed/stdlib/3.9" />
        <root url="file://$APPLICATION_HOME_DIR$/plugins/python-ce/helpers/typeshed/stdlib/3.7" />
        <root url="file://$APPLICATION_HOME_DIR$/plugins/python-ce/helpers/typeshed/stdlib/3" />
        <root url="file://$APPLICATION_HOME_DIR$/plugins/python-ce/helpers/typeshed/stdlib/2and3" />
        <root url="file://$APPLICATION_HOME_DIR$/plugins/python-ce/helpers/typeshed/third_party/3" />
        <root url="file://$APPLICATION_HOME_DIR$/plugins/python-ce/helpers/typeshed/third_party/2and3" />
      </CLASSES>
      <SOURCES>
        <root url="file://C:/Program Files/WindowsApps/PythonSoftwareFoundation.Python.3.9_3.9.496.0_x64__qbz5n2kfra8p0/DLLs" />
        <root url="file://C:/Program Files/WindowsApps/PythonSoftwareFoundation.Python.3.9_3.9.496.0_x64__qbz5n2kfra8p0/Lib" />
        <root url="file://$USER_HOME$/AppData/Local/Microsoft/WindowsApps/PythonSoftwareFoundation.Python.3.9_qbz5n2kfra8p0" />
        <root url="file://$USER_HOME$/CLion/gem5/venv" />
        <root url="file://$USER_HOME$/CLion/gem5/venv/Lib/site-packages" />
        <root url="file://$USER_HOME$/AppData/Local/JetBrains/CLion2020.3/python_stubs/-1549412391" />
        <root url="file://$APPLICATION_HOME_DIR$/plugins/python-ce/helpers/python-skeletons" />
        <root url="file://$APPLICATION_HOME_DIR$/plugins/python-ce/helpers/typeshed/stdlib/3.9" />
        <root url="file://$APPLICATION_HOME_DIR$/plugins/python-ce/helpers/typeshed/stdlib/3.7" />
        <root url="file://$APPLICATION_HOME_DIR$/plugins/python-ce/helpers/typeshed/stdlib/3" />
        <root url="file://$APPLICATION_HOME_DIR$/plugins/python-ce/helpers/typeshed/stdlib/2and3" />
        <root url="file://$APPLICATION_HOME_DIR$/plugins/python-ce/helpers/typeshed/third_party/3" />
        <root url="file://$APPLICATION_HOME_DIR$/plugins/python-ce/helpers/typeshed/third_party/2and3" />
      </SOURCES>
    </library>
  </component>
</application>