<application>
  <component name="ProjectJdkTable">
    <jdk version="2">
      <name value="Python 3.9 (gem5)" />
      <type value="Python SDK" />
      <version value="Python 3.9.1" />
      <homePath value="C:\Users\pavel-desktop\CLion\gem5\venv\Scripts\python.exe" />
      <roots>
        <classPath>
          <root type="composite">
            <root url="file://C:/Program Files/WindowsApps/PythonSoftwareFoundation.Python.3.9_3.9.496.0_x64__qbz5n2kfra8p0/DLLs" type="simple" />
            <root url="file://C:/Program Files/WindowsApps/PythonSoftwareFoundation.Python.3.9_3.9.496.0_x64__qbz5n2kfra8p0/Lib" type="simple" />
            <root url="file://$USER_HOME$/AppData/Local/Microsoft/WindowsApps/PythonSoftwareFoundation.Python.3.9_qbz5n2kfra8p0" type="simple" />
            <root url="file://$USER_HOME$/CLion/gem5/venv" type="simple" />
            <root url="file://$USER_HOME$/CLion/gem5/venv/Lib/site-packages" type="simple" />
            <root url="file://$USER_HOME$/AppData/Local/JetBrains/CLion2020.3/python_stubs/-1549412391" type="simple" />
            <root url="file://$APPLICATION_HOME_DIR$/plugins/python-ce/helpers/python-skeletons" type="simple" />
            <root url="file://$APPLICATION_HOME_DIR$/plugins/python-ce/helpers/typeshed/stdlib/3.9" type="simple" />
            <root url="file://$APPLICATION_HOME_DIR$/plugins/python-ce/helpers/typeshed/stdlib/3.7" type="simple" />
            <root url="file://$APPLICATION_HOME_DIR$/plugins/python-ce/helpers/typeshed/stdlib/3" type="simple" />
            <root url="file://$APPLICATION_HOME_DIR$/plugins/python-ce/helpers/typeshed/stdlib/2and3" type="simple" />
            <root url="file://$APPLICATION_HOME_DIR$/plugins/python-ce/helpers/typeshed/third_party/3" type="simple" />
            <root url="file://$APPLICATION_HOME_DIR$/plugins/python-ce/helpers/typeshed/third_party/2and3" type="simple" />
          </root>
        </classPath>
        <sourcePath>
          <root type="composite" />
        </sourcePath>
      </roots>
      <additional ASSOCIATED_PROJECT_PATH="$USER_HOME$/CLion/gem5" />
    </jdk>
  </component>
</application>