<code_scheme name="Default" version="173">
  <option name="RIGHT_MARGIN" value="1000" />
  <option name="SOFT_MARGINS" value="120" />
  <Objective-C>
    <option name="LAMBDA_CAPTURE_LIST_WRAP" value="1" />
    <option name="TEMPLATE_PARAMETERS_WRAP" value="1" />
    <option name="TEMPLATE_CALL_ARGUMENTS_WRAP" value="1" />
    <option name="SUPERCLASS_LIST_WRAP" value="1" />
  </Objective-C>
  <codeStyleSettings language="ObjectiveC">
    <option name="RIGHT_MARGIN" value="900" />
    <option name="METHOD_CALL_CHAIN_WRAP" value="1" />
    <option name="FOR_STATEMENT_WRAP" value="1" />
    <option name="ASSIGNMENT_WRAP" value="1" />
    <option name="ENUM_CONSTANTS_WRAP" value="1" />
    <option name="WRAP_ON_TYPING" value="1" />
  </codeStyleSettings>
</code_scheme>