<code_scheme name="Default" version="173">
  <option name="AUTODETECT_INDENTS" value="false" />
  <option name="RIGHT_MARGIN" value="1000" />
  <option name="SOFT_MARGINS" value="120" />
  <Objective-C>
    <option name="INDENT_NAMESPACE_MEMBERS" value="2" />
    <option name="INDENT_C_STRUCT_MEMBERS" value="2" />
    <option name="INDENT_CLASS_MEMBERS" value="2" />
    <option name="INDENT_VISIBILITY_KEYWORDS" value="2" />
    <option name="INDENT_INSIDE_CODE_BLOCK" value="2" />
    <option name="KEEP_STRUCTURES_IN_ONE_LINE" value="true" />
    <option name="KEEP_CASE_EXPRESSIONS_IN_ONE_LINE" value="true" />
    <option name="NAMESPACE_BRACE_PLACEMENT" value="2" />
    <option name="METHOD_BRACE_PLACEMENT" value="2" />
    <option name="FUNCTION_BRACE_PLACEMENT" value="2" />
    <option name="BLOCK_BRACE_PLACEMENT" value="2" />
    <option name="FUNCTION_PARAMETERS_WRAP" value="0" />
    <option name="FUNCTION_PARAMETERS_ALIGN_MULTILINE_PARS" value="true" />
    <option name="FUNCTION_CALL_ARGUMENTS_WRAP" value="0" />
    <option name="FUNCTION_CALL_ARGUMENTS_ALIGN_MULTILINE_PARS" value="true" />
    <option name="TEMPLATE_DECLARATION_STRUCT_WRAP" value="1" />
    <option name="TEMPLATE_DECLARATION_FUNCTION_WRAP" value="1" />
    <option name="TEMPLATE_PARAMETERS_WRAP" value="1" />
    <option name="TEMPLATE_CALL_ARGUMENTS_WRAP" value="5" />
    <option name="TEMPLATE_CALL_ARGUMENTS_ALIGN_MULTILINE" value="true" />
    <option name="CLASS_CONSTRUCTOR_INIT_LIST_WRAP" value="0" />
    <option name="SUPERCLASS_LIST_WRAP" value="1" />
    <option name="ALIGN_INIT_LIST_IN_COLUMNS" value="false" />
    <option name="SPACE_BEFORE_PROTOCOLS_BRACKETS" value="false" />
    <option name="KEEP_BLANK_LINES_BEFORE_END" value="1" />
    <option name="HEADER_GUARD_STYLE_PATTERN" value="_${FILE_NAME}_${EXT}_" />
  </Objective-C>
  <Objective-C-extensions>
    <rules>
      <rule entity="MACRO" visibility="ANY" specifier="ANY" prefix="" style="SCREAMING_SNAKE_CASE" suffix="" />
      <rule entity="NAMESPACE" visibility="ANY" specifier="ANY" prefix="" style="SNAKE_CASE" suffix="" />
      <rule entity="CLASS,ENUM,UNION,TYPEDEF" visibility="ANY" specifier="ANY" prefix="" style="SNAKE_CASE" suffix="" />
      <rule entity="CLASS_MEMBER_FUNCTION,STRUCT_MEMBER_FUNCTION,CLASS_MEMBER_FIELD,STRUCT_MEMBER_FIELD" visibility="ANY" specifier="ANY" prefix="" style="SNAKE_CASE" suffix="" />
      <rule entity="ENUMERATOR" visibility="ANY" specifier="ANY" prefix="" style="SCREAMING_SNAKE_CASE" suffix="" />
      <rule entity="GLOBAL_FUNCTION" visibility="ANY" specifier="ANY" prefix="" style="SNAKE_CASE" suffix="" />
      <rule entity="GLOBAL_VARIABLE,PARAMETER,LOCAL_VARIABLE" visibility="ANY" specifier="ANY" prefix="" style="SNAKE_CASE" suffix="" />
    </rules>
  </Objective-C-extensions>
  <codeStyleSettings language="JAVA">
    <option name="RIGHT_MARGIN" value="120" />
    <option name="ALIGN_MULTILINE_PARAMETERS_IN_CALLS" value="true" />
    <option name="METHOD_PARAMETERS_WRAP" value="2" />
    <option name="METHOD_PARAMETERS_LPAREN_ON_NEXT_LINE" value="true" />
    <option name="METHOD_PARAMETERS_RPAREN_ON_NEXT_LINE" value="true" />
    <option name="THROWS_KEYWORD_WRAP" value="2" />
    <option name="IF_BRACE_FORCE" value="3" />
    <option name="WHILE_BRACE_FORCE" value="3" />
    <option name="FOR_BRACE_FORCE" value="3" />
    <option name="WRAP_ON_TYPING" value="1" />
    <indentOptions>
      <option name="INDENT_SIZE" value="2" />
      <option name="CONTINUATION_INDENT_SIZE" value="4" />
      <option name="TAB_SIZE" value="2" />
    </indentOptions>
  </codeStyleSettings>
  <codeStyleSettings language="ObjectiveC">
    <option name="RIGHT_MARGIN" value="120" />
    <option name="KEEP_BLANK_LINES_IN_DECLARATIONS" value="1" />
    <option name="KEEP_BLANK_LINES_IN_CODE" value="1" />
    <option name="KEEP_BLANK_LINES_BEFORE_RBRACE" value="1" />
    <option name="BLANK_LINES_BEFORE_IMPORTS" value="0" />
    <option name="BLANK_LINES_AFTER_IMPORTS" value="0" />
    <option name="BLANK_LINES_AROUND_CLASS" value="0" />
    <option name="BLANK_LINES_AROUND_METHOD" value="0" />
    <option name="BLANK_LINES_AROUND_METHOD_IN_INTERFACE" value="0" />
    <option name="BLANK_LINES_AFTER_CLASS_HEADER" value="1" />
    <option name="BRACE_STYLE" value="2" />
    <option name="CLASS_BRACE_STYLE" value="2" />
    <option name="CATCH_ON_NEW_LINE" value="true" />
    <option name="SPACE_AFTER_TYPE_CAST" value="false" />
    <option name="METHOD_CALL_CHAIN_WRAP" value="1" />
    <option name="TERNARY_OPERATION_SIGNS_ON_NEXT_LINE" value="false" />
    <option name="FOR_STATEMENT_WRAP" value="1" />
    <option name="ENUM_CONSTANTS_WRAP" value="1" />
    <option name="WRAP_ON_TYPING" value="1" />
    <indentOptions>
      <option name="INDENT_SIZE" value="2" />
      <option name="CONTINUATION_INDENT_SIZE" value="4" />
      <option name="LABEL_INDENT_SIZE" value="4" />
      <option name="LABEL_INDENT_ABSOLUTE" value="true" />
    </indentOptions>
  </codeStyleSettings>
</code_scheme>