<application>
  <component name="ProjectManager">
    <defaultProject>
      <component name="CMakeSettings">
        <configurations>
          <configuration PROFILE_NAME="Debug" CONFIG_NAME="Debug" ENABLED="true" />
        </configurations>
      </component>
      <component name="PropertiesComponent">
        <property name="settings.editor.selected.configurable" value="reference.settingsdialog.IDE.editor.colors.Color Scheme Font" />
      </component>
    </defaultProject>
  </component>
</application>