<application>
  <component name="WebServers">
    <option name="servers">
      <webServer id="fafe9610-f07b-42ad-8aa4-5d0fe17ee1eb" name="lab (fafe9610-f07b-42ad-8aa4-5d0fe17ee1eb)" url="http:///">
        <fileTransfer accessType="SFTP" host="me" port="22" sshConfigId="0a52a3a3-c64a-402c-89fa-3cb34ce9a81f" sshConfig="golikovp@me:22 password" />
      </webServer>
    </option>
    <groups>
      <group>
        <name>Remote Development</name>
        <mayChangeLevel>false</mayChangeLevel>
        <servers>
          <name value="lab (fafe9610-f07b-42ad-8aa4-5d0fe17ee1eb)" />
        </servers>
      </group>
    </groups>
  </component>
</application>