<code_scheme name="Default" version="173">
  <option name="AUTODETECT_INDENTS" value="false" />
  <option name="WRAP_WHEN_TYPING_REACHES_RIGHT_MARGIN" value="true" />
  <option name="SOFT_MARGINS" value="120" />
  <JetCodeStyleSettings>
    <option name="PACKAGES_TO_USE_STAR_IMPORTS">
      <value>
        <package name="java.util" alias="false" withSubpackages="false" />
        <package name="kotlinx.android.synthetic" alias="false" withSubpackages="true" />
        <package name="io.ktor" alias="false" withSubpackages="true" />
      </value>
    </option>
    <option name="PACKAGES_IMPORT_LAYOUT">
      <value>
        <package name="" alias="false" withSubpackages="true" />
        <package name="java" alias="false" withSubpackages="true" />
        <package name="javax" alias="false" withSubpackages="true" />
        <package name="kotlin" alias="false" withSubpackages="true" />
        <package name="" alias="true" withSubpackages="true" />
      </value>
    </option>
  </JetCodeStyleSettings>
  <Objective-C>
    <option name="LAMBDA_CAPTURE_LIST_WRAP" value="1" />
    <option name="TEMPLATE_PARAMETERS_WRAP" value="1" />
    <option name="TEMPLATE_CALL_ARGUMENTS_WRAP" value="1" />
    <option name="SUPERCLASS_LIST_WRAP" value="1" />
  </Objective-C>
  <codeStyleSettings language="ObjectiveC">
    <option name="RIGHT_MARGIN" value="120" />
    <option name="METHOD_CALL_CHAIN_WRAP" value="1" />
    <option name="FOR_STATEMENT_WRAP" value="1" />
    <option name="ASSIGNMENT_WRAP" value="1" />
    <option name="ENUM_CONSTANTS_WRAP" value="1" />
    <option name="WRAP_ON_TYPING" value="1" />
  </codeStyleSettings>
</code_scheme>