<application>
  <component name="FileTypeManager" version="18">
    <extensionMap>
      <mapping pattern="SimplePerfHints" type="AUTO_DETECTED" />
      <mapping pattern="meeting_notes" type="AUTO_DETECTED" />
      <mapping pattern="chrome_test" type="AUTO_DETECTED" />
      <mapping pattern="SimplePerf hints" type="AUTO_DETECTED" />
      <mapping pattern="chrome_instructions_1_sec" type="AUTO_DETECTED" />
      <mapping ext="space.kts" type="Kotlin" />
      <mapping ext="gradle.kts" type="Kotlin" />
      <mapping ext="main.kts" type="Kotlin" />
      <mapping ext="data" type="PLAIN_TEXT" />
    </extensionMap>
  </component>
</application>