<application>
  <component name="ProjectJdkTable">
    <jdk version="2">
      <name value="Python 3.8 (Courses-Masters)" />
      <type value="Python SDK" />
      <version value="Python 3.8.5" />
      <homePath value="$USER_HOME$/Code/Courses-Masters/venv/bin/python" />
      <roots>
        <annotationsPath>
          <root type="composite" />
        </annotationsPath>
        <classPath>
          <root type="composite">
            <root url="file:///usr/lib/python3.8" type="simple" />
            <root url="file:///usr/lib/python3.8/lib-dynload" type="simple" />
            <root url="file://$USER_HOME$/Code/Courses-Masters/venv/lib/python3.8/site-packages" type="simple" />
            <root url="file://$USER_HOME$/.cache/JetBrains/CLion2021.1/python_stubs/1786996466" type="simple" />
            <root url="file://$APPLICATION_HOME_DIR$/plugins/python-ce/helpers/python-skeletons" type="simple" />
            <root url="file://$APPLICATION_HOME_DIR$/plugins/python-ce/helpers/typeshed/stdlib" type="simple" />
            <root url="file://$APPLICATION_HOME_DIR$/plugins/python-ce/helpers/typeshed/stubs/jwt" type="simple" />
            <root url="file://$APPLICATION_HOME_DIR$/plugins/python-ce/helpers/typeshed/stubs/six" type="simple" />
            <root url="file://$APPLICATION_HOME_DIR$/plugins/python-ce/helpers/typeshed/stubs/mock" type="simple" />
            <root url="file://$APPLICATION_HOME_DIR$/plugins/python-ce/helpers/typeshed/stubs/nmap" type="simple" />
            <root url="file://$APPLICATION_HOME_DIR$/plugins/python-ce/helpers/typeshed/stubs/attrs" type="simple" />
            <root url="file://$APPLICATION_HOME_DIR$/plugins/python-ce/helpers/typeshed/stubs/polib" type="simple" />
            <root url="file://$APPLICATION_HOME_DIR$/plugins/python-ce/helpers/typeshed/stubs/retry" type="simple" />
            <root url="file://$APPLICATION_HOME_DIR$/plugins/python-ce/helpers/typeshed/stubs/enum34" type="simple" />
            <root url="file://$APPLICATION_HOME_DIR$/plugins/python-ce/helpers/typeshed/stubs/orjson" type="simple" />
            <root url="file://$APPLICATION_HOME_DIR$/plugins/python-ce/helpers/typeshed/stubs/xxhash" type="simple" />
            <root url="file://$APPLICATION_HOME_DIR$/plugins/python-ce/helpers/typeshed/stubs/chardet" type="simple" />
            <root url="file://$APPLICATION_HOME_DIR$/plugins/python-ce/helpers/typeshed/stubs/futures" type="simple" />
            <root url="file://$APPLICATION_HOME_DIR$/plugins/python-ce/helpers/typeshed/stubs/tzlocal" type="simple" />
            <root url="file://$APPLICATION_HOME_DIR$/plugins/python-ce/helpers/typeshed/stubs/Markdown" type="simple" />
            <root url="file://$APPLICATION_HOME_DIR$/plugins/python-ce/helpers/typeshed/stubs/Werkzeug" type="simple" />
            <root url="file://$APPLICATION_HOME_DIR$/plugins/python-ce/helpers/typeshed/stubs/aiofiles" type="simple" />
            <root url="file://$APPLICATION_HOME_DIR$/plugins/python-ce/helpers/typeshed/stubs/filelock" type="simple" />
            <root url="file://$APPLICATION_HOME_DIR$/plugins/python-ce/helpers/typeshed/stubs/paramiko" type="simple" />
            <root url="file://$APPLICATION_HOME_DIR$/plugins/python-ce/helpers/typeshed/stubs/pathlib2" type="simple" />
            <root url="file://$APPLICATION_HOME_DIR$/plugins/python-ce/helpers/typeshed/stubs/requests" type="simple" />
            <root url="file://$APPLICATION_HOME_DIR$/plugins/python-ce/helpers/typeshed/stubs/waitress" type="simple" />
            <root url="file://$APPLICATION_HOME_DIR$/plugins/python-ce/helpers/typeshed/stubs/freezegun" type="simple" />
            <root url="file://$APPLICATION_HOME_DIR$/plugins/python-ce/helpers/typeshed/stubs/ipaddress" type="simple" />
            <root url="file://$APPLICATION_HOME_DIR$/plugins/python-ce/helpers/typeshed/stubs/pyRFC3339" type="simple" />
            <root url="file://$APPLICATION_HOME_DIR$/plugins/python-ce/helpers/typeshed/stubs/typed-ast" type="simple" />
            <root url="file://$APPLICATION_HOME_DIR$/plugins/python-ce/helpers/typeshed/stubs/Deprecated" type="simple" />
            <root url="file://$APPLICATION_HOME_DIR$/plugins/python-ce/helpers/typeshed/stubs/cachetools" type="simple" />
            <root url="file://$APPLICATION_HOME_DIR$/plugins/python-ce/helpers/typeshed/stubs/frozendict" type="simple" />
            <root url="file://$APPLICATION_HOME_DIR$/plugins/python-ce/helpers/typeshed/stubs/JACK-Client" type="simple" />
            <root url="file://$APPLICATION_HOME_DIR$/plugins/python-ce/helpers/typeshed/stubs/contextvars" type="simple" />
            <root url="file://$APPLICATION_HOME_DIR$/plugins/python-ce/helpers/typeshed/stubs/atomicwrites" type="simple" />
            <root url="file://$APPLICATION_HOME_DIR$/plugins/python-ce/helpers/typeshed/stubs/cryptography" type="simple" />
            <root url="file://$APPLICATION_HOME_DIR$/plugins/python-ce/helpers/typeshed/stubs/DateTimeRange" type="simple" />
            <root url="file://$APPLICATION_HOME_DIR$/plugins/python-ce/helpers/typeshed/stubs/click-spinner" type="simple" />
            <root url="file://$APPLICATION_HOME_DIR$/plugins/python-ce/helpers/typeshed/stubs/pkg_resources" type="simple" />
            <root url="file://$APPLICATION_HOME_DIR$/plugins/python-ce/helpers/typeshed/stubs/python-gflags" type="simple" />
            <root url="file://$APPLICATION_HOME_DIR$/plugins/python-ce/helpers/typeshed/stubs/python-slugify" type="simple" />
            <root url="file://$APPLICATION_HOME_DIR$/plugins/python-ce/helpers/typeshed/stubs/python-dateutil" type="simple" />
            <root url="file://$APPLICATION_HOME_DIR$/plugins/python-ce/helpers/typeshed/stubs/typing-extensions" type="simple" />
          </root>
        </classPath>
        <javadocPath>
          <root type="composite" />
        </javadocPath>
        <sourcePath>
          <root type="composite" />
        </sourcePath>
      </roots>
      <additional />
    </jdk>
    <jdk version="2">
      <name value="openjdk-16" />
      <type value="JavaSDK" />
      <version value="version 16.0.1" />
      <homePath value="$USER_HOME$/.jdks/openjdk-16.0.1" />
      <roots>
        <annotationsPath>
          <root type="composite">
            <root url="jar://$APPLICATION_HOME_DIR$/plugins/java/lib/jdkAnnotations.jar!/" type="simple" />
          </root>
        </annotationsPath>
        <classPath>
          <root type="composite">
            <root url="jrt:///home/golikovp/.jdks/openjdk-16.0.1!/java.base" type="simple" />
            <root url="jrt:///home/golikovp/.jdks/openjdk-16.0.1!/java.compiler" type="simple" />
            <root url="jrt:///home/golikovp/.jdks/openjdk-16.0.1!/java.datatransfer" type="simple" />
            <root url="jrt:///home/golikovp/.jdks/openjdk-16.0.1!/java.desktop" type="simple" />
            <root url="jrt:///home/golikovp/.jdks/openjdk-16.0.1!/java.instrument" type="simple" />
            <root url="jrt:///home/golikovp/.jdks/openjdk-16.0.1!/java.logging" type="simple" />
            <root url="jrt:///home/golikovp/.jdks/openjdk-16.0.1!/java.management" type="simple" />
            <root url="jrt:///home/golikovp/.jdks/openjdk-16.0.1!/java.management.rmi" type="simple" />
            <root url="jrt:///home/golikovp/.jdks/openjdk-16.0.1!/java.naming" type="simple" />
            <root url="jrt:///home/golikovp/.jdks/openjdk-16.0.1!/java.net.http" type="simple" />
            <root url="jrt:///home/golikovp/.jdks/openjdk-16.0.1!/java.prefs" type="simple" />
            <root url="jrt:///home/golikovp/.jdks/openjdk-16.0.1!/java.rmi" type="simple" />
            <root url="jrt:///home/golikovp/.jdks/openjdk-16.0.1!/java.scripting" type="simple" />
            <root url="jrt:///home/golikovp/.jdks/openjdk-16.0.1!/java.se" type="simple" />
            <root url="jrt:///home/golikovp/.jdks/openjdk-16.0.1!/java.security.jgss" type="simple" />
            <root url="jrt:///home/golikovp/.jdks/openjdk-16.0.1!/java.security.sasl" type="simple" />
            <root url="jrt:///home/golikovp/.jdks/openjdk-16.0.1!/java.smartcardio" type="simple" />
            <root url="jrt:///home/golikovp/.jdks/openjdk-16.0.1!/java.sql" type="simple" />
            <root url="jrt:///home/golikovp/.jdks/openjdk-16.0.1!/java.sql.rowset" type="simple" />
            <root url="jrt:///home/golikovp/.jdks/openjdk-16.0.1!/java.transaction.xa" type="simple" />
            <root url="jrt:///home/golikovp/.jdks/openjdk-16.0.1!/java.xml" type="simple" />
            <root url="jrt:///home/golikovp/.jdks/openjdk-16.0.1!/java.xml.crypto" type="simple" />
            <root url="jrt:///home/golikovp/.jdks/openjdk-16.0.1!/jdk.accessibility" type="simple" />
            <root url="jrt:///home/golikovp/.jdks/openjdk-16.0.1!/jdk.attach" type="simple" />
            <root url="jrt:///home/golikovp/.jdks/openjdk-16.0.1!/jdk.charsets" type="simple" />
            <root url="jrt:///home/golikovp/.jdks/openjdk-16.0.1!/jdk.compiler" type="simple" />
            <root url="jrt:///home/golikovp/.jdks/openjdk-16.0.1!/jdk.crypto.cryptoki" type="simple" />
            <root url="jrt:///home/golikovp/.jdks/openjdk-16.0.1!/jdk.crypto.ec" type="simple" />
            <root url="jrt:///home/golikovp/.jdks/openjdk-16.0.1!/jdk.dynalink" type="simple" />
            <root url="jrt:///home/golikovp/.jdks/openjdk-16.0.1!/jdk.editpad" type="simple" />
            <root url="jrt:///home/golikovp/.jdks/openjdk-16.0.1!/jdk.hotspot.agent" type="simple" />
            <root url="jrt:///home/golikovp/.jdks/openjdk-16.0.1!/jdk.httpserver" type="simple" />
            <root url="jrt:///home/golikovp/.jdks/openjdk-16.0.1!/jdk.incubator.foreign" type="simple" />
            <root url="jrt:///home/golikovp/.jdks/openjdk-16.0.1!/jdk.incubator.vector" type="simple" />
            <root url="jrt:///home/golikovp/.jdks/openjdk-16.0.1!/jdk.internal.ed" type="simple" />
            <root url="jrt:///home/golikovp/.jdks/openjdk-16.0.1!/jdk.internal.jvmstat" type="simple" />
            <root url="jrt:///home/golikovp/.jdks/openjdk-16.0.1!/jdk.internal.le" type="simple" />
            <root url="jrt:///home/golikovp/.jdks/openjdk-16.0.1!/jdk.internal.opt" type="simple" />
            <root url="jrt:///home/golikovp/.jdks/openjdk-16.0.1!/jdk.internal.vm.ci" type="simple" />
            <root url="jrt:///home/golikovp/.jdks/openjdk-16.0.1!/jdk.jartool" type="simple" />
            <root url="jrt:///home/golikovp/.jdks/openjdk-16.0.1!/jdk.javadoc" type="simple" />
            <root url="jrt:///home/golikovp/.jdks/openjdk-16.0.1!/jdk.jcmd" type="simple" />
            <root url="jrt:///home/golikovp/.jdks/openjdk-16.0.1!/jdk.jconsole" type="simple" />
            <root url="jrt:///home/golikovp/.jdks/openjdk-16.0.1!/jdk.jdeps" type="simple" />
            <root url="jrt:///home/golikovp/.jdks/openjdk-16.0.1!/jdk.jdi" type="simple" />
            <root url="jrt:///home/golikovp/.jdks/openjdk-16.0.1!/jdk.jdwp.agent" type="simple" />
            <root url="jrt:///home/golikovp/.jdks/openjdk-16.0.1!/jdk.jfr" type="simple" />
            <root url="jrt:///home/golikovp/.jdks/openjdk-16.0.1!/jdk.jlink" type="simple" />
            <root url="jrt:///home/golikovp/.jdks/openjdk-16.0.1!/jdk.jpackage" type="simple" />
            <root url="jrt:///home/golikovp/.jdks/openjdk-16.0.1!/jdk.jshell" type="simple" />
            <root url="jrt:///home/golikovp/.jdks/openjdk-16.0.1!/jdk.jsobject" type="simple" />
            <root url="jrt:///home/golikovp/.jdks/openjdk-16.0.1!/jdk.jstatd" type="simple" />
            <root url="jrt:///home/golikovp/.jdks/openjdk-16.0.1!/jdk.localedata" type="simple" />
            <root url="jrt:///home/golikovp/.jdks/openjdk-16.0.1!/jdk.management" type="simple" />
            <root url="jrt:///home/golikovp/.jdks/openjdk-16.0.1!/jdk.management.agent" type="simple" />
            <root url="jrt:///home/golikovp/.jdks/openjdk-16.0.1!/jdk.management.jfr" type="simple" />
            <root url="jrt:///home/golikovp/.jdks/openjdk-16.0.1!/jdk.naming.dns" type="simple" />
            <root url="jrt:///home/golikovp/.jdks/openjdk-16.0.1!/jdk.naming.rmi" type="simple" />
            <root url="jrt:///home/golikovp/.jdks/openjdk-16.0.1!/jdk.net" type="simple" />
            <root url="jrt:///home/golikovp/.jdks/openjdk-16.0.1!/jdk.nio.mapmode" type="simple" />
            <root url="jrt:///home/golikovp/.jdks/openjdk-16.0.1!/jdk.sctp" type="simple" />
            <root url="jrt:///home/golikovp/.jdks/openjdk-16.0.1!/jdk.security.auth" type="simple" />
            <root url="jrt:///home/golikovp/.jdks/openjdk-16.0.1!/jdk.security.jgss" type="simple" />
            <root url="jrt:///home/golikovp/.jdks/openjdk-16.0.1!/jdk.unsupported" type="simple" />
            <root url="jrt:///home/golikovp/.jdks/openjdk-16.0.1!/jdk.unsupported.desktop" type="simple" />
            <root url="jrt:///home/golikovp/.jdks/openjdk-16.0.1!/jdk.xml.dom" type="simple" />
            <root url="jrt:///home/golikovp/.jdks/openjdk-16.0.1!/jdk.zipfs" type="simple" />
          </root>
        </classPath>
        <javadocPath>
          <root type="composite" />
        </javadocPath>
        <sourcePath>
          <root type="composite">
            <root url="jar://$USER_HOME$/.jdks/openjdk-16.0.1/lib/src.zip!/java.se" type="simple" />
            <root url="jar://$USER_HOME$/.jdks/openjdk-16.0.1/lib/src.zip!/jdk.jdi" type="simple" />
            <root url="jar://$USER_HOME$/.jdks/openjdk-16.0.1/lib/src.zip!/jdk.jfr" type="simple" />
            <root url="jar://$USER_HOME$/.jdks/openjdk-16.0.1/lib/src.zip!/jdk.net" type="simple" />
            <root url="jar://$USER_HOME$/.jdks/openjdk-16.0.1/lib/src.zip!/java.rmi" type="simple" />
            <root url="jar://$USER_HOME$/.jdks/openjdk-16.0.1/lib/src.zip!/java.sql" type="simple" />
            <root url="jar://$USER_HOME$/.jdks/openjdk-16.0.1/lib/src.zip!/java.xml" type="simple" />
            <root url="jar://$USER_HOME$/.jdks/openjdk-16.0.1/lib/src.zip!/jdk.jcmd" type="simple" />
            <root url="jar://$USER_HOME$/.jdks/openjdk-16.0.1/lib/src.zip!/jdk.sctp" type="simple" />
            <root url="jar://$USER_HOME$/.jdks/openjdk-16.0.1/lib/src.zip!/java.base" type="simple" />
            <root url="jar://$USER_HOME$/.jdks/openjdk-16.0.1/lib/src.zip!/jdk.jdeps" type="simple" />
            <root url="jar://$USER_HOME$/.jdks/openjdk-16.0.1/lib/src.zip!/jdk.jlink" type="simple" />
            <root url="jar://$USER_HOME$/.jdks/openjdk-16.0.1/lib/src.zip!/jdk.zipfs" type="simple" />
            <root url="jar://$USER_HOME$/.jdks/openjdk-16.0.1/lib/src.zip!/java.prefs" type="simple" />
            <root url="jar://$USER_HOME$/.jdks/openjdk-16.0.1/lib/src.zip!/jdk.attach" type="simple" />
            <root url="jar://$USER_HOME$/.jdks/openjdk-16.0.1/lib/src.zip!/jdk.jshell" type="simple" />
            <root url="jar://$USER_HOME$/.jdks/openjdk-16.0.1/lib/src.zip!/jdk.jstatd" type="simple" />
            <root url="jar://$USER_HOME$/.jdks/openjdk-16.0.1/lib/src.zip!/java.naming" type="simple" />
            <root url="jar://$USER_HOME$/.jdks/openjdk-16.0.1/lib/src.zip!/jdk.editpad" type="simple" />
            <root url="jar://$USER_HOME$/.jdks/openjdk-16.0.1/lib/src.zip!/jdk.jartool" type="simple" />
            <root url="jar://$USER_HOME$/.jdks/openjdk-16.0.1/lib/src.zip!/jdk.javadoc" type="simple" />
            <root url="jar://$USER_HOME$/.jdks/openjdk-16.0.1/lib/src.zip!/jdk.xml.dom" type="simple" />
            <root url="jar://$USER_HOME$/.jdks/openjdk-16.0.1/lib/src.zip!/java.desktop" type="simple" />
            <root url="jar://$USER_HOME$/.jdks/openjdk-16.0.1/lib/src.zip!/java.logging" type="simple" />
            <root url="jar://$USER_HOME$/.jdks/openjdk-16.0.1/lib/src.zip!/jdk.charsets" type="simple" />
            <root url="jar://$USER_HOME$/.jdks/openjdk-16.0.1/lib/src.zip!/jdk.compiler" type="simple" />
            <root url="jar://$USER_HOME$/.jdks/openjdk-16.0.1/lib/src.zip!/jdk.dynalink" type="simple" />
            <root url="jar://$USER_HOME$/.jdks/openjdk-16.0.1/lib/src.zip!/jdk.jconsole" type="simple" />
            <root url="jar://$USER_HOME$/.jdks/openjdk-16.0.1/lib/src.zip!/jdk.jpackage" type="simple" />
            <root url="jar://$USER_HOME$/.jdks/openjdk-16.0.1/lib/src.zip!/jdk.jsobject" type="simple" />
            <root url="jar://$USER_HOME$/.jdks/openjdk-16.0.1/lib/src.zip!/java.compiler" type="simple" />
            <root url="jar://$USER_HOME$/.jdks/openjdk-16.0.1/lib/src.zip!/java.net.http" type="simple" />
            <root url="jar://$USER_HOME$/.jdks/openjdk-16.0.1/lib/src.zip!/jdk.crypto.ec" type="simple" />
            <root url="jar://$USER_HOME$/.jdks/openjdk-16.0.1/lib/src.zip!/java.scripting" type="simple" />
            <root url="jar://$USER_HOME$/.jdks/openjdk-16.0.1/lib/src.zip!/jdk.httpserver" type="simple" />
            <root url="jar://$USER_HOME$/.jdks/openjdk-16.0.1/lib/src.zip!/jdk.jdwp.agent" type="simple" />
            <root url="jar://$USER_HOME$/.jdks/openjdk-16.0.1/lib/src.zip!/jdk.localedata" type="simple" />
            <root url="jar://$USER_HOME$/.jdks/openjdk-16.0.1/lib/src.zip!/jdk.management" type="simple" />
            <root url="jar://$USER_HOME$/.jdks/openjdk-16.0.1/lib/src.zip!/jdk.naming.dns" type="simple" />
            <root url="jar://$USER_HOME$/.jdks/openjdk-16.0.1/lib/src.zip!/jdk.naming.rmi" type="simple" />
            <root url="jar://$USER_HOME$/.jdks/openjdk-16.0.1/lib/src.zip!/java.instrument" type="simple" />
            <root url="jar://$USER_HOME$/.jdks/openjdk-16.0.1/lib/src.zip!/java.management" type="simple" />
            <root url="jar://$USER_HOME$/.jdks/openjdk-16.0.1/lib/src.zip!/java.sql.rowset" type="simple" />
            <root url="jar://$USER_HOME$/.jdks/openjdk-16.0.1/lib/src.zip!/java.xml.crypto" type="simple" />
            <root url="jar://$USER_HOME$/.jdks/openjdk-16.0.1/lib/src.zip!/jdk.internal.ed" type="simple" />
            <root url="jar://$USER_HOME$/.jdks/openjdk-16.0.1/lib/src.zip!/jdk.internal.le" type="simple" />
            <root url="jar://$USER_HOME$/.jdks/openjdk-16.0.1/lib/src.zip!/jdk.nio.mapmode" type="simple" />
            <root url="jar://$USER_HOME$/.jdks/openjdk-16.0.1/lib/src.zip!/jdk.unsupported" type="simple" />
            <root url="jar://$USER_HOME$/.jdks/openjdk-16.0.1/lib/src.zip!/java.smartcardio" type="simple" />
            <root url="jar://$USER_HOME$/.jdks/openjdk-16.0.1/lib/src.zip!/jdk.internal.opt" type="simple" />
            <root url="jar://$USER_HOME$/.jdks/openjdk-16.0.1/lib/src.zip!/java.datatransfer" type="simple" />
            <root url="jar://$USER_HOME$/.jdks/openjdk-16.0.1/lib/src.zip!/jdk.accessibility" type="simple" />
            <root url="jar://$USER_HOME$/.jdks/openjdk-16.0.1/lib/src.zip!/jdk.hotspot.agent" type="simple" />
            <root url="jar://$USER_HOME$/.jdks/openjdk-16.0.1/lib/src.zip!/jdk.security.auth" type="simple" />
            <root url="jar://$USER_HOME$/.jdks/openjdk-16.0.1/lib/src.zip!/jdk.security.jgss" type="simple" />
            <root url="jar://$USER_HOME$/.jdks/openjdk-16.0.1/lib/src.zip!/java.security.jgss" type="simple" />
            <root url="jar://$USER_HOME$/.jdks/openjdk-16.0.1/lib/src.zip!/java.security.sasl" type="simple" />
            <root url="jar://$USER_HOME$/.jdks/openjdk-16.0.1/lib/src.zip!/jdk.internal.vm.ci" type="simple" />
            <root url="jar://$USER_HOME$/.jdks/openjdk-16.0.1/lib/src.zip!/jdk.management.jfr" type="simple" />
            <root url="jar://$USER_HOME$/.jdks/openjdk-16.0.1/lib/src.zip!/java.management.rmi" type="simple" />
            <root url="jar://$USER_HOME$/.jdks/openjdk-16.0.1/lib/src.zip!/java.transaction.xa" type="simple" />
            <root url="jar://$USER_HOME$/.jdks/openjdk-16.0.1/lib/src.zip!/jdk.crypto.cryptoki" type="simple" />
            <root url="jar://$USER_HOME$/.jdks/openjdk-16.0.1/lib/src.zip!/jdk.incubator.vector" type="simple" />
            <root url="jar://$USER_HOME$/.jdks/openjdk-16.0.1/lib/src.zip!/jdk.internal.jvmstat" type="simple" />
            <root url="jar://$USER_HOME$/.jdks/openjdk-16.0.1/lib/src.zip!/jdk.management.agent" type="simple" />
            <root url="jar://$USER_HOME$/.jdks/openjdk-16.0.1/lib/src.zip!/jdk.incubator.foreign" type="simple" />
            <root url="jar://$USER_HOME$/.jdks/openjdk-16.0.1/lib/src.zip!/jdk.unsupported.desktop" type="simple" />
          </root>
        </sourcePath>
      </roots>
      <additional />
    </jdk>
  </component>
</application>